center_lat,center_lon,end_date,flood_id,primary_country,severity,start_date
-31.268059,143.6978,951868800000,1586,Australia,2.0,950832000000
-15.782624,47.29567,952732800000,1587,Madagascar,1.0,950745600000
46.763746,22.415404,956620800000,1595,Romania,2.0,954892800000
11.242567,105.063841,965865600000,1614,Thailand,1.0,963273600000
43.773883,132.057679,968544000000,1627,China,1.0,967593600000
25.229313,113.483009,968198400000,1631,China,1.0,967766400000
24.084064,88.5453,972086400000,1641,India,2.0,969235200000
58.489746,106.619051,991958400000,1725,Russia,2.0,989625600000
21.055916,84.798732,997401600000,1747,India,2.0,994550400000
14.996666,34.427661,1000339200000,1772,Sudan,1.0,997056000000
9.326659,16.260548,1002758400000,1778,Chad,1.0,998179200000
11.768371,105.382431,1006128000000,1781,Cambodia,2.0,997833600000
26.755588,83.051328,1000166400000,1789,India,1.0,998265600000
26.532079,84.869961,1001289600000,1791,India,1.0,999820800000
10.549334,-9.227085,1002585600000,1793,Guinea,2.0,998092800000
-32.897203,-61.214816,1007164800000,1810,Argentina,2.0,1001894400000
22.339364,-80.201721,1005782400000,1818,Nicaragua,1.0,1004054400000
0.491533,42.508939,1005696000000,1820,Somalia,1.0,1004572800000
35.18328,-89.868418,1007683200000,1829,USA,1.0,1006905600000
34.93086,-91.79578,1009238400000,1840,USA,1.0,1008547200000
-11.878068,-50.481932,1017705600000,1885,Brazil,1.0,1011052800000
7.310603,43.063067,1019347200000,1907,Ethiopia,1.0,1018915200000
24.981838,91.52004,1020038400000,1908,Bangladesh,1.0,1019088000000
58.045386,67.244613,1020729600000,1910,Russia,1.0,1019433600000
-0.075707,33.544103,1022544000000,1917,Africa,2.0,1019779200000
39.195432,-88.288297,1023494400000,1919,USA,1.0,1020729600000
58.692261,64.578305,1023321600000,1921,Russia,1.0,1020729600000
-26.67674,-57.810991,1022544000000,1925,Paraguay,1.0,1020643200000
62.880691,131.950433,1022889600000,1931,Russia,1.0,1022198400000
35.652728,36.330046,1023321600000,1938,Syria,1.0,1023148800000
-32.486429,-55.950506,1020902400000,1939,Uruguay,1.0,1019520000000
47.340749,-95.906382,1025308800000,1943,USA,2.0,1023494400000
22.001825,-79.430735,1024185600000,1951,Cuba,1.0,1023840000000
43.99291,43.255015,1025481600000,1962,Russia,2.0,1024444800000
29.663348,115.253472,1026518400000,1971,China,1.0,1025395200000
29.532606,-98.359295,1027382400000,1972,Texas,2.0,1025395200000
25.841781,89.269578,1030492800000,1974,India,1.0,1024617600000
7.059215,-70.784933,1026086400000,1977,Columbia,1.0,1025827200000
41.092153,-101.73755,1026086400000,1979,USA,1.0,1025913600000
27.57515,83.355221,1026172800000,1980,Nepal,1.0,1026000000000
15.340286,120.562734,1027036800000,1981,Philippines,1.0,1025913600000
-36.951818,174.757299,1026691200000,1985,New Zealand,1.0,1026432000000
10.501685,105.253898,1038787200000,1991,Vietnam,1.0,1026691200000
47.646899,26.177966,1027382400000,1995,Romania,1.0,1027036800000
7.565261,-69.306735,1028073600000,1996,Venezuela,1.0,1027123200000
43.882229,132.379911,1027641600000,1997,Russia,1.0,1027123200000
14.669288,121.062794,1027814400000,1998,Philippines,1.0,1027123200000
27.696051,85.306497,1029369600000,1999,Nepal,1.0,1027209600000
62.233308,-156.215507,1022803200000,2007,USA,1.0,1019865600000
-34.013343,18.579803,1028332800000,2009,South Africa,1.0,1027814400000
24.46072,116.272368,1029110400000,2019,China,1.0,1028505600000
26.778129,112.817215,1030492800000,2023,China,1.0,1028592000000
48.568393,13.029419,1030492800000,2024,Germany,2.0,1028678400000
37.523287,55.552555,1029283200000,2029,Iran,1.0,1028937600000
22.564405,104.67945,1029974400000,2035,Vietnam,2.0,1029283200000
16.772387,103.52736,1038268800000,2039,Thailand,2.0,1029628800000
22.418744,95.753361,1031097600000,2041,Burma,2.0,1029542400000
-35.862785,-72.131113,1030579200000,2042,Chile,1.0,1030147200000
35.43766,128.621321,1031011200000,2045,South Korea,1.0,1030752000000
45.934582,133.884674,1031270400000,2046,Russia,1.0,1030492800000
21.539107,73.220062,1031270400000,2049,India,1.0,1031011200000
44.034528,4.447589,1031788800000,2052,France,1.0,1031443200000
29.65109,-96.029696,1032393600000,2056,USA,1.0,1031270400000
18.577824,105.175058,1033344000000,2059,Vietnam,2.0,1032480000000
41.397529,19.773795,1034035200000,2060,Albania,1.0,1032566400000
14.974281,100.951102,1038787200000,2061,Thailand,1.0,1032220800000
29.87028,-90.011936,1033257600000,2063,USA,1.0,1032998400000
22.381538,-83.979545,1033948800000,2064,USA,1.0,1033257600000
34.607325,-89.924261,1034380800000,2066,USA,1.0,1034208000000
-31.071974,-60.10113,1036195200000,2070,Argentina,1.0,1034380800000
-31.619618,-57.96164,1036972800000,2073,Uruguay,1.0,1034380800000
60.335681,-150.891253,1035763200000,2075,USA,2.0,1035417600000
29.65109,-96.029696,1037145600000,2076,USA,1.0,1035331200000
14.206227,108.878131,1035849600000,2077,Vietnam,1.0,1035590400000
24.269423,113.384882,1036195200000,2079,China,1.0,1035763200000
-43.667295,172.869147,1037836800000,2090,New Zealand,1.0,1037664000000
33.109088,-7.098795,1038528000000,2097,Morocco,2.0,1038096000000
45.829287,8.642375,1038873600000,2099,Italy,1.0,1037923200000
43.730782,4.145883,1039824000000,2103,France,1.0,1039737600000
38.939731,-122.478319,1040688000000,2104,USA,1.0,1039824000000
0.977528,100.517101,1040342400000,2106,Indonesia,1.0,1039910400000
31.833155,-92.620622,1041811200000,2115,USA,1.0,1041379200000
51.264587,-0.543564,1041811200000,2116,UK,1.0,1041379200000
49.2074,5.62514,1041984000000,2117,Germany,1.0,1041379200000
-14.766118,38.874709,1045440000000,2119,Malawi,1.0,1041379200000
-16.48569,-64.944989,1041984000000,2120,Bolivia,1.0,1041552000000
-2.428747,113.005128,1044489600000,2127,Indonesia,2.0,1042502400000
-29.455848,-60.978623,1043971200000,2130,Argentina,1.0,1042416000000
2.467598,102.893883,1044835200000,2134,Malaysia,1.0,1043020800000
57.049015,-2.498648,1043280000000,2136,UK,1.0,1043193600000
-17.930109,139.396536,1046908800000,2137,Australia,1.0,1043193600000
-13.374411,-70.432286,1044835200000,2138,Peru,1.0,1043280000000
41.347305,15.920488,1043625600000,2140,Italy,1.0,1043452800000
-22.496397,118.21192,1044316800000,2143,Australia,1.0,1043539200000
-15.87345,-69.309972,1044835200000,2145,Peru,1.0,1043712000000
-7.046763,107.641486,1044748800000,2148,Indonesia,1.0,1043884800000
-23.771908,150.372737,1045008000000,2152,Australia,1.0,1044403200000
-22.278126,146.722097,1045180800000,2154,Australia,1.0,1044921600000
-6.973194,107.603981,1045440000000,2158,Indonesia,1.0,1045353600000
27.524729,68.067654,1045872000000,2160,Pakistan,1.0,1045353600000
-12.176378,21.700514,1057017600000,2161,Zambia,2.0,1042588800000
-10.439194,18.014563,1045699200000,2162,Angola,1.0,1044489600000
31.463349,-90.065158,1047859200000,2167,USA,1.0,1045872000000
43.302177,-1.165927,1045094400000,2169,Spain,1.0,1044403200000
-29.212829,138.397895,1048464000000,2170,Australia,1.0,1045872000000
39.608875,22.223743,1044576000000,2172,Greece,1.0,1043625600000
-11.878068,-50.481932,1050969600000,2173,Brazil,1.0,1042243200000
41.591029,26.714824,1046649600000,2174,Turkey,1.0,1042761600000
38.089335,28.31203,1047427200000,2175,Turkey,1.0,1044316800000
-17.970507,124.222901,1047340800000,2176,Australia,1.0,1046563200000
37.41102,-88.017873,1046995200000,2177,USA,1.0,1046217600000
-21.37826,32.664524,1047772800000,2178,Mozambique,1.0,1046822400000
41.834366,-1.035382,1047254400000,2179,Spain,1.0,1046304000000
-14.085462,133.126397,1047859200000,2180,Australia,1.0,1046995200000
-16.066257,27.689975,1047686400000,2181,Zambia,2.0,1047340800000
47.715919,-104.728709,1048204800000,2182,USA,1.0,1047859200000
35.151636,-81.775621,1049068800000,2183,USA,1.0,1048032000000
48.240995,33.319354,1049414400000,2187,Ukraine,1.0,1048291200000
44.383722,133.05758,1050019200000,2191,Russia,1.0,1048550400000
52.57734,25.203028,1052092800000,2193,Belarus,1.0,1048291200000
-19.764418,34.90579,1048809600000,2194,Mozambique,1.0,1048636800000
45.104961,-63.985665,1049328000000,2198,Canada,1.0,1049068800000
40.941743,47.192685,1054684800000,2206,Azerbaijan,1.0,1050451200000
55.453563,64.739289,1054080000000,2208,Russia,1.0,1050451200000
52.553105,35.708239,1053216000000,2209,Russia,1.0,1050364800000
57.820476,79.316216,1052784000000,2214,Russia,1.0,1051056000000
-31.579077,-60.497122,1052524800000,2216,Argentina,2.0,1051488000000
-4.402145,143.695571,1052006400000,2220,Papua New Guinea,1.0,1050278400000
63.531266,42.394583,1053043200000,2221,Russia,1.0,1051747200000
-1.503825,103.543957,1052179200000,2222,Indonesia,1.0,1051920000000
5.371116,44.63536,1053388800000,2224,Ethiopia,1.0,1052006400000
35.214217,-85.484459,1052870400000,2225,USA,2.0,1052179200000
62.878733,128.129536,1056067200000,2238,Russia,1.0,1053993600000
26.170616,90.853814,1065744000000,2248,Bangladesh,2.0,1055289600000
38.357408,-82.363306,1055980800000,2253,USA,1.0,1055462400000
21.923872,91.932656,1057190400000,2257,Bangladesh,1.0,1055980800000
28.83099,118.401191,1059350400000,2261,China,1.0,1056326400000
7.043913,124.376833,1056585600000,2264,Philippines,1.0,1056499200000
32.51656,115.717939,1060214400000,2269,China,2.0,1057017600000
39.788686,-85.976116,1058745600000,2273,USA,2.0,1057363200000
20.574716,95.503476,1062374400000,2276,Burma,1.0,1057104000000
28.731898,72.2101,1062374400000,2279,Pakistan,1.0,1058227200000
16.501894,121.26678,1058918400000,2284,Philippines,1.0,1058572800000
47.943961,124.701838,1065744000000,2296,China,1.0,1059264000000
10.996461,20.249655,1067731200000,2303,Chad,1.0,1059868800000
12.394812,4.735272,1065916800000,2311,Nigeria,1.0,1060041600000
12.63425,10.012759,1065916800000,2314,Nigeria,1.0,1060041600000
15.939171,-12.940183,1067990400000,2316,Senegal,1.0,1060387200000
14.211698,-3.10202,1066521600000,2320,Mali,1.0,1060473600000
-41.693254,147.481311,1061942400000,2330,Australia,2.0,1061683200000
35.681249,107.984942,1068595200000,2332,China,2.0,1061683200000
44.70018,44.369848,1062115200000,2336,Russia,1.0,1061942400000
30.031634,103.018185,1062201600000,2337,China,1.0,1061856000000
20.625759,85.893641,1066608000000,2338,India,1.0,1061942400000
39.734374,-86.61734,1063065600000,2342,USA,2.0,1062374400000
10.514296,7.48686,1067299200000,2345,Nigeria,1.0,1062720000000
17.372818,101.592527,1065916800000,2347,Thailand,1.0,1063324800000
35.234941,128.019188,1063584000000,2348,South Korea,1.0,1063324800000
23.605828,-110.095624,1064966400000,2356,Mexico,1.0,1064188800000
43.723115,4.157209,1064275200000,2359,France,1.0,1064188800000
8.877517,11.923531,1065744000000,2361,Nigeria,1.0,1064188800000
27.63037,-99.205473,1066953600000,2366,USA,2.0,1065916800000
14.767484,108.846404,1066780800000,2368,Vietnam,1.0,1066176000000
12.559171,99.789967,1067904000000,2370,Thailand,2.0,1066348800000
-29.928802,-53.268681,1067558400000,2372,Brazil,1.0,1067212800000
19.479425,-70.982583,1069804800000,2380,Haiti,1.0,1068422400000
-32.712168,-61.685982,1068681600000,2381,Argentina,1.0,1068508800000
37.091158,-6.249491,1074384000000,2386,Spain,1.0,1067644800000
44.821672,4.940849,1071014400000,2395,France,2.0,1070236800000
-1.041628,102.901561,1074816000000,2403,Indonesia,2.0,1071014400000
8.881978,125.765745,1073433600000,2407,Philippines,1.0,1071792000000
38.677006,-85.387751,1074211200000,2412,USA,1.0,1073174400000
29.466641,51.439491,1074470400000,2415,Iran,1.0,1073692800000
-19.171139,141.147792,1077667200000,2417,Australia,2.0,1074038400000
-25.398999,32.868116,1076025600000,2423,Mozambique,1.0,1074988800000
-41.406343,147.369055,1075939200000,2424,Australia,2.0,1075334400000
-16.048042,15.226178,1078099200000,2425,Angola,1.0,1075161600000
45.180885,63.756115,1078185600000,2426,Kazakhstan,1.0,1075420800000
53.132767,-3.781964,1076112000000,2428,UK,1.0,1075766400000
-14.561533,21.427401,1086134400000,2430,Namibia,2.0,1075593600000
-17.482511,44.642355,1077235200000,2431,Madagascar,1.0,1073520000000
30.840634,46.162687,1077667200000,2432,Iraq,1.0,1074211200000
38.156763,27.983815,1076716800000,2433,Turkey,1.0,1074902400000
8.22929,125.744039,1077667200000,2434,Philippines,1.0,1076457600000
-6.409578,108.143784,1077667200000,2437,Indonesia,1.0,1076976000000
-11.878068,-50.481932,1083715200000,2440,Brazil,1.0,1076457600000
-16.976898,134.693836,1078876800000,2441,Australia,1.0,1077062400000
-17.94512,124.624336,1078617600000,2442,Australia,1.0,1077235200000
-12.852237,-63.676299,1080777600000,2443,Bolivia,1.0,1077494400000
-21.556277,116.975387,1078790400000,2444,Australia,2.0,1078099200000
-19.186526,34.557547,1079654400000,2448,Mozambique,1.0,1078444800000
37.156236,-95.963498,1078704000000,2455,USA,1.0,1078358400000
-13.874954,143.298865,1080345600000,2458,Australia,1.0,1079654400000
45.28903,18.025087,1080950400000,2460,Bosnia-Herzegovina,1.0,1080000000000
-21.403326,120.060096,1080950400000,2461,Australia,1.0,1080345600000
48.162017,-97.999353,1081641600000,2462,USA,2.0,1080432000000
53.473921,34.484838,1083715200000,2463,Russia,1.0,1080604800000
44.866138,17.774912,1083456000000,2469,Bosnia-Herzegovina,1.0,1081728000000
51.975446,86.61021,1084665600000,2471,Russia,1.0,1081900800000
24.894242,91.694661,1083542400000,2473,Bangladesh,1.0,1081900800000
35.749552,-93.279256,1083456000000,2476,USA,1.0,1082764800000
-0.527894,116.827676,1084233600000,2480,Indonesia,1.0,1083888000000
30.845334,-96.516582,1084579200000,2482,USA,1.0,1084406400000
37.952597,-121.357441,1097452800000,2491,USA,1.0,1086220800000
7.229665,-67.795332,1096588800000,2495,Venezuela,1.0,1086652800000
43.475162,-88.719498,1087776000000,2498,USA,2.0,1086825600000
25.498908,85.891802,1097107200000,2507,India,2.0,1087689600000
13.113306,-84.892717,1090281600000,2510,Nicaragua,1.0,1088035200000
7.377152,124.576171,1088553600000,2514,Philippines,1.0,1088380800000
28.863679,104.833562,1088553600000,2515,China,1.0,1088380800000
17.503304,121.410242,1089676800000,2516,Philippines,2.0,1088467200000
27.086351,86.252493,1092182400000,2519,Nepal,1.0,1088985600000
24.001405,110.433067,1090886400000,2522,China,1.0,1089763200000
27.875808,110.828548,1091145600000,2527,China,2.0,1090022400000
7.021074,124.577333,1092355200000,2539,Philippines,1.0,1091232000000
15.397299,103.073488,1096761600000,2543,Thailand,2.0,1091750400000
15.547408,120.754097,1094947200000,2554,Philippines,2.0,1093305600000
10.317911,105.823877,1098316800000,2555,Vietnam,1.0,1093305600000
43.372592,-92.899794,1095552000000,2565,USA,1.0,1095206400000
28.800636,-81.966354,1096588800000,2566,Haiti,1.0,1095206400000
24.686228,89.400194,1098057600000,2570,India,1.0,1097107200000
6.148203,1.223784,1099526400000,2576,Togo,2.0,1097107200000
29.99695,-97.481761,1101686400000,2584,USA,1.0,1100476800000
-26.543492,-57.505862,1103068800000,2586,Paraguay,1.0,1099785600000
13.431255,123.386648,1101686400000,2587,Philippines,1.0,1100822400000
8.914445,-72.364885,1101513600000,2588,Venezulea,1.0,1100908800000
16.388864,121.706238,1101600000000,2589,Philippines,1.0,1101168000000
15.17884,121.242952,1103673600000,2592,Philippines,1.0,1101686400000
-27.1808,-60.665987,1102636800000,2596,Argentina,1.0,1102291200000
33.962964,-89.570347,1103500800000,2597,USA,1.0,1102377600000
-29.136849,150.129614,1103673600000,2598,Australia,1.0,1102464000000
28.426123,51.70111,1104537600000,2599,Iran,1.0,1102550400000
6.271562,101.591644,1103328000000,2600,Malaysia,2.0,1102636800000
7.938183,81.314727,1103760000000,2601,Sri Lanka,1.0,1102723200000
38.210619,-85.352387,1107216000000,2606,USA,2.0,1104883200000
-3.903543,104.432036,1107993600000,2612,Indonesia,1.0,1105401600000
6.60784,-58.038278,1109289600000,2613,Guyana,2.0,1105747200000
-10.734049,17.166651,1111968000000,2620,Angola,1.0,1106784000000
7.588343,-72.964625,1109376000000,2625,Colombia,1.0,1108080000000
41.428248,26.418711,1111622400000,2626,Greece,2.0,1108598400000
-6.958962,107.602907,1109289600000,2627,Indonesia,1.0,1108771200000
43.595357,66.981834,1111536000000,2629,Kazakhstan,1.0,1109203200000
30.738361,61.854599,1112659200000,2632,Afghanistan,1.0,1109980800000
-17.759816,48.283399,1110844800000,2633,Madagascar,1.0,1109721600000
24.211993,3.953441,1110326400000,2634,Algeria,1.0,1110067200000
32.958879,46.294021,1111708800000,2637,Iraq,1.0,1110672000000
-10.587124,31.114588,1112313600000,2638,Zambia,1.0,1109635200000
50.511062,21.658575,1112918400000,2640,Poland,1.0,1111017600000
29.518224,68.372412,1111622400000,2641,Pakistan,1.0,1111276800000
45.6965,21.212857,1117843200000,2648,Romania,2.0,1113782400000
6.272302,43.286087,1118707200000,2649,Ethiopia,2.0,1114214400000
42.648654,41.55217,1117411200000,2650,Georgia,1.0,1114387200000
24.598004,91.64239,1117238400000,2657,Bangladesh,1.0,1116979200000
44.319638,129.266053,1118534400000,2668,China,2.0,1118361600000
22.802656,120.344936,1118966400000,2669,Taiwan,2.0,1118448000000
34.272003,71.507633,1123200000000,2675,Pakistan,2.0,1119312000000
25.961407,89.11453,1120089600000,2676,Bangladesh,1.0,1119484800000
21.43303,73.07388,1121385600000,2680,India,2.0,1119916800000
-28.519498,153.288976,1120348800000,2683,Australia,1.0,1120089600000
30.676575,103.519078,1121731200000,2684,China,1.0,1119916800000
39.728164,126.498861,1120262400000,2685,North Korea,1.0,1120089600000
24.128785,80.199902,1121385600000,2686,India,1.0,1120262400000
44.562689,125.500543,1123804800000,2688,China,1.0,1120176000000
30.922991,73.563738,1123977600000,2689,Pakistan,1.0,1120521600000
27.436259,87.012599,1122422400000,2690,India,1.0,1120694400000
45.764753,27.862878,1122508800000,2692,Romania,2.0,1121126400000
32.605462,115.759987,1121644800000,2693,China,1.0,1120953600000
28.120285,120.855737,1121817600000,2694,Taiwan,1.0,1121472000000
16.977232,79.965416,1124150400000,2698,India,1.0,1122076800000
10.409698,122.905219,1122681600000,2699,Philippines,1.0,1122422400000
19.068486,99.369102,1127692800000,2709,Thailand,2.0,1123891200000
41.858282,123.069642,1124496000000,2711,China,1.0,1123891200000
18.811618,-98.657793,1125360000000,2717,Mexico,1.0,1124582400000
25.885963,83.211491,1125360000000,2718,India,1.0,1125014400000
30.191041,-90.320072,1127088000000,2719,USA,2.0,1125273600000
-41.553605,147.09513,1125705600000,2720,Australia,1.0,1125360000000
10.665559,10.905259,1126828800000,2721,Nigeria,1.0,1123372800000
28.58392,118.553658,1125792000000,2722,Taiwan,1.0,1125532800000
44.057063,4.186194,1126224000000,2724,France,1.0,1126051200000
10.707097,105.734716,1130803200000,2725,Vietnam,1.0,1126137600000
30.368141,120.24229,1126569600000,2726,China,1.0,1126396800000
21.113878,82.538893,1128038400000,2728,India,1.0,1126656000000
15.300986,120.982766,1127779200000,2730,Philippines,1.0,1126742400000
28.197268,79.373434,1128470400000,2731,India,1.0,1126828800000
18.760138,105.54951,1127520000000,2732,Vietnam,1.0,1127001600000
44.584831,27.383339,1128816000000,2733,Romania,1.0,1127260800000
21.713895,73.473279,1128988800000,2734,India,1.0,1127347200000
29.981597,-92.997899,1128124800000,2735,USA,1.0,1127433600000
19.240185,110.083434,1128556800000,2736,China,2.0,1127692800000
29.293795,80.547593,1128211200000,2737,Nepal,1.0,1127606400000
17.04635,-11.983202,1128643200000,2742,Mauritania,2.0,1127779200000
32.868636,109.423486,1128556800000,2743,China,1.0,1127952000000
13.979731,-89.595064,1129420800000,2744,El Salvador,2.0,1128124800000
34.507343,109.083621,1128556800000,2746,China,1.0,1128297600000
25.640627,88.977022,1129939200000,2747,Bangladesh,1.0,1128297600000
17.12569,106.82035,1128988800000,2748,Vietnam,1.0,1128643200000
22.483386,-83.328351,1130198400000,2753,Jamaica,1.0,1129680000000
21.940907,87.934687,1130457600000,2754,India,1.0,1129852800000
11.780352,78.731712,1134086400000,2758,India,1.0,1130025600000
15.648431,108.217279,1131062400000,2760,Vietnam,1.0,1130889600000
8.521163,-75.310967,1134691200000,2761,Colombia,1.0,1126742400000
7.204666,100.124152,1137024000000,2768,Thailand,2.0,1132704000000
-17.236452,37.168911,1139270400000,2773,Malawi,2.0,1135209600000
39.493964,-121.099329,1137542400000,2776,USA,1.0,1135987200000
-6.381345,108.21491,1137024000000,2779,Indonesia,1.0,1136678400000
-23.260295,116.935775,1138665600000,2780,Australia,2.0,1136764800000
6.891823,-58.662739,1139875200000,2782,Guyana,1.0,1136678400000
41.552073,26.472618,1137715200000,2784,Greece,1.0,1136160000000
17.01728,121.817032,1139097600000,2785,Philippines,1.0,1138233600000
-16.033438,-63.425614,1145232000000,2786,Bolivia,1.0,1138147200000
-6.8528,108.592918,1139875200000,2789,Indonesia,1.0,1138233600000
4.326207,102.536205,1140220800000,2798,Malaysia,1.0,1139529600000
-2.231688,-79.980717,1146873600000,2802,Ecuador,1.0,1140048000000
40.658005,87.211782,1140652800000,2803,China,1.0,1140048000000
-27.409953,114.989428,1143072000000,2815,Australia,2.0,1141344000000
40.895857,25.565808,1143244800000,2817,Greece,1.0,1141862400000
38.254008,-86.419681,1142985600000,2818,USA,1.0,1142121600000
-17.908641,145.536342,1145232000000,2821,Australia,2.0,1142812800000
5.434769,-75.597465,1149206400000,2823,Colombia,1.0,1142985600000
-27.439685,24.826774,1143676800000,2825,South Africa,1.0,1143331200000
48.666377,19.084362,1147132800000,2827,Slovakia,2.0,1143504000000
47.00354,-96.893649,1145923200000,2829,USA,1.0,1143676800000
45.262129,20.749322,1147305600000,2832,Serbia-Montenegro,2.0,1144108800000
37.691104,-120.675334,1145232000000,2834,USA,1.0,1144108800000
44.497607,23.866873,1148428800000,2839,Romania,2.0,1144368000000
49.849262,-96.953115,1147132800000,2841,Canada,1.0,1144713600000
50.775179,87.143833,1149033600000,2851,Russia,1.0,1145577600000
52.53358,-82.087401,1149033600000,2852,Canada,2.0,1145664000000
18.367934,94.945666,1146787200000,2859,Burma,1.0,1146268800000
18.18105,100.149202,1149984000000,2867,Thailand,2.0,1148256000000
36.962812,-88.585836,1148774400000,2871,USA,1.0,1148515200000
26.599281,94.024532,1153699200000,2879,India,1.0,1149033600000
-5.166664,120.107435,1151020800000,2890,Indonesia,1.0,1150675200000
25.615074,83.671273,1154563200000,2894,India,1.0,1151107200000
-3.285772,115.489611,1151539200000,2896,Indonesia,1.0,1151193600000
28.470782,105.730409,1152316800000,2900,China,1.0,1151452800000
22.411409,71.309729,1152230400000,2911,India,1.0,1151971200000
33.056169,69.948565,1152748800000,2916,Pakistan,1.0,1152403200000
47.733436,128.901206,1152748800000,2919,China,1.0,1152576000000
24.003504,112.108469,1153267200000,2921,Philippines,2.0,1152576000000
50.791203,106.524637,1152835200000,2923,Russia,1.0,1152662400000
39.035519,106.588178,1153094400000,2924,China,1.0,1152835200000
34.609786,73.199799,1156204800000,2931,Pakistan,1.0,1153699200000
20.194292,73.824174,1158019200000,2935,India,2.0,1154044800000
18.104598,81.52884,1157846400000,2940,India,1.0,1154390400000
14.421787,-1.02134,1160524800000,2947,Burkina Faso,1.0,1154563200000
17.764156,106.149356,1157155200000,2948,Vietnam,1.0,1155340800000
11.061775,104.674574,1162339200000,2949,Cambodia,1.0,1155168000000
18.76445,100.017133,1165968000000,2951,Thailand,2.0,1156032000000
1.384461,34.275807,1156118400000,2952,Uganda,1.0,1155340800000
28.694093,81.305997,1158105600000,2954,Nepal,2.0,1156550400000
3.104364,45.444397,1160438400000,2955,Somalia,1.0,1156377600000
27.585296,81.51737,1157328000000,2956,India,1.0,1156809600000
34.69552,102.681828,1156982400000,2957,China,1.0,1156896000000
32.886368,73.884164,1157932800000,2958,India,1.0,1156982400000
34.74398,-77.870731,1157587200000,2959,USA,1.0,1157155200000
23.229479,89.272707,1158710400000,2961,Bangladesh,1.0,1156377600000
24.466242,-107.038656,1158537600000,2963,Mexico,1.0,1158364800000
32.74227,66.125268,1164067200000,2995,Afghanistan,1.0,1163894400000
10.329669,106.735524,1165536000000,3002,Philippines,1.0,1164844800000
6.844545,81.662316,1166572800000,3004,Sri Lanka,1.0,1166313600000
-9.184872,-75.990348,1170374400000,3007,Peru,1.0,1167091200000
7.711826,125.216707,1169596800000,3014,Philippines,1.0,1168387200000
6.706132,80.946642,1168905600000,3016,Sri Lanka,1.0,1168560000000
-16.973776,-61.960201,1177977600000,3019,Bolivia,1.5,1168387200000
35.270227,69.668198,1176854400000,3055,Afghanistan,1.0,1176768000000
39.332759,99.801771,1177113600000,3058,China,1.0,1176940800000
37.006303,70.73155,1178236800000,3061,Afghanistan,1.0,1177286400000
-0.860079,114.779037,1180051200000,3065,Indonesia,1.0,1177977600000
6.494672,80.082226,1178496000000,3067,Sri Lanka,1.0,1178064000000
16.908898,96.131258,1178668800000,3068,Burma,1.0,1178236800000
40.434191,-95.238199,1179446400000,3070,USA,1.0,1178409600000
-32.765868,-55.802561,1180051200000,3071,Uruguay,1.5,1178236800000
17.211479,100.338679,1179705600000,3073,Thailand,1.0,1178841600000
62.336386,130.45858,1181692800000,3075,Russia,1.0,1179014400000
56.937226,85.839433,1181692800000,3076,Russia,1.0,1178841600000
-3.59393,39.762126,1181779200000,3078,Kenya,1.0,1179187200000
26.870875,105.414298,1179705600000,3079,China,1.0,1179619200000
7.378356,-75.426149,1182902400000,3080,Colombia,1.0,1179532800000
-0.1883,116.91957,1181001600000,3081,Indonesia,1.0,1179187200000
30.24335,-98.664531,1180396800000,3083,USA,1.0,1179964800000
30.282138,107.778235,1180137600000,3084,China,1.0,1179964800000
42.523179,24.501635,1181088000000,3085,Bulgaria,1.0,1179792000000
19.547861,-71.053795,1180828800000,3089,Dominican Republic,1.0,1180483200000
54.178882,-125.032794,1181779200000,3092,Canada,1.5,1181088000000
26.292801,112.355385,1187308800000,3094,China,1.5,1181088000000
-32.865398,151.375371,1181692800000,3095,Australia,1.5,1181260800000
22.397464,91.953546,1182643200000,3097,Bangladesh,1.0,1181520000000
-33.327288,18.578084,1181952000000,3098,South Africa,1.5,1181174400000
52.523207,-0.759207,1182384000000,3099,UK,1.0,1181865600000
26.948499,85.862693,1182124800000,3100,Nepal,1.0,1181865600000
34.97581,72.225824,1182297600000,3101,Pakistan,1.0,1181952000000
0.617594,123.095573,1182297600000,3103,Indonesia,1.0,1181952000000
26.255772,94.018895,1182816000000,3104,India,1.0,1182124800000
14.944966,78.161545,1183507200000,3107,India,1.0,1182470400000
35.278159,71.140741,1183420800000,3109,Afghanistan,1.0,1182643200000
53.881359,-0.913693,1183420800000,3110,UK,1.5,1182729600000
25.256271,67.90249,1184889600000,3112,Pakistan,1.0,1182816000000
32.836626,-97.165715,1185148800000,3113,USA,1.5,1182816000000
-37.936133,146.856476,1183507200000,3114,Australia,1.5,1182902400000
33.753477,52.20192,1183075200000,3115,Iran,1.5,1182902400000
34.27492,71.869938,1185062400000,3116,Pakistan,1.0,1182988800000
20.053869,81.860109,1184284800000,3118,India,1.0,1183161600000
21.026348,77.523744,1183680000000,3119,India,1.0,1183248000000
22.023056,72.24951,1184284800000,3120,India,1.0,1183248000000
22.63148,88.487108,1190419200000,3122,India,1.5,1183420800000
12.907167,33.771445,1191801600000,3123,Sudan,1.0,1183420800000
18.52419,95.317389,1185926400000,3125,Burma,1.0,1183680000000
-35.805428,173.92898,1184284800000,3127,New Zealand,1.5,1184025600000
27.577302,95.262997,1191974400000,3128,India,1.0,1184198400000
43.090135,88.211962,1186099200000,3132,China,1.0,1184371200000
24.098428,100.163684,1186963200000,3134,China,1.0,1184716800000
23.916419,91.233643,1192406400000,3136,Bangladesh,1.0,1184976000000
52.071957,-2.101931,1185753600000,3137,UK,1.5,1184976000000
-3.279537,120.198324,1186012800000,3141,Indonesia,1.0,1185321600000
27.777213,84.080127,1191283200000,3143,Nepal,1.0,1185148800000
-34.09063,19.575347,1186012800000,3144,South Africa,1.0,1185494400000
11.453236,-4.386466,1185926400000,3145,Burkina Faso,1.0,1185580800000
8.331411,34.499977,1191542400000,3146,Ethiopia,1.0,1185667200000
12.342909,108.198166,1187308800000,3149,Vietnam,1.5,1186099200000
20.452499,86.19782,1188172800000,3150,India,1.0,1186099200000
10.292106,11.74837,1192924800000,3151,Nigeria,1.0,1186185600000
16.546328,-11.322438,1188950400000,3153,Mauritania,1.0,1186444800000
22.682373,70.925042,1187136000000,3160,India,1.0,1186531200000
36.36925,118.71867,1186876800000,3161,China,1.0,1186617600000
26.019152,68.825675,1186963200000,3162,Pakistan,1.0,1186704000000
31.238835,76.526785,1187308800000,3164,India,1.0,1186876800000
35.951294,74.338164,1187049600000,3165,Pakistan,1.0,1186876800000
13.037658,0.612005,1191974400000,3166,Ghana,1.5,1185408000000
9.644602,15.109633,1187136000000,3167,Chad,1.0,1186617600000
13.279945,105.882012,1187913600000,3168,Cambodia,1.5,1186704000000
16.962415,95.17279,1191456000000,3169,Burma,1.0,1187049600000
0.88127,34.275893,1193788800000,3170,Uganda,1.5,1187136000000
36.862195,-94.637911,1188172800000,3171,USA,1.5,1187222400000
11.543839,19.049369,1191196800000,3179,Chad,1.0,1188000000000
15.474457,-13.967824,1190246400000,3180,Senegal,1.0,1188518400000
2.978113,45.426922,1191456000000,3183,Somalia,1.0,1188604800000
21.846197,-98.494275,1189555200000,3184,Nicaragua,1.0,1188864000000
16.81984,102.480218,1194652800000,3188,Thailand,1.0,1188950400000
15.706741,79.877978,1191715200000,3191,India,1.0,1189900800000
46.25748,14.032553,1190246400000,3193,Slovenia,1.0,1190073600000
20.909634,86.403285,1191801600000,3195,India,1.0,1190419200000
34.945481,5.788494,1190592000000,3197,Algeria,1.0,1190332800000
-30.251602,-52.671442,1191283200000,3198,Brazil,1.0,1190592000000
20.931615,-97.850589,1191196800000,3199,Mexico,1.0,1190937600000
10.984041,-85.437919,1193356800000,3205,Costa Rica,1.0,1192147200000
24.721405,93.970474,1193184000000,3208,India,1.5,1192579200000
11.010928,105.514427,1195171200000,3210,Vietnam,1.0,1192838400000
7.893549,-74.906313,1197244800000,3212,Colombia,1.0,1191196800000
-4.367631,15.381497,1193788800000,3214,Democratic Republic of Congo,1.0,1193270400000
13.357486,123.381184,1193961600000,3216,Philippines,1.0,1193443200000
12.725021,79.700186,1193875200000,3217,India,1.0,1193443200000
18.877688,-70.37761,1194652800000,3218,Dominican Republic,1.0,1193529600000
16.320817,107.359696,1194566400000,3219,Vietnam,1.0,1193529600000
17.669263,-92.412998,1196467200000,3220,Mexico,1.5,1193529600000
34.823387,3.241937,1193961600000,3221,Algeria,1.0,1193702400000
22.610398,90.150761,1196467200000,3226,Bangladesh,1.0,1195084800000
-2.153931,40.249179,1197763200000,3235,Kenya,1.0,1195603200000
-26.920707,145.666659,1197849600000,3237,Australia,1.0,1196467200000
18.931619,-71.02997,1197849600000,3239,Dominican Republic,1.0,1197331200000
-19.063406,34.356451,1199318400000,3242,Mozambique,1.0,1197331200000
7.721921,81.39874,1199145600000,3243,Sri Lanka,1.0,1197763200000
-17.662221,-65.301452,1198800000000,3246,Bolivia,1.0,1197676800000
-30.29325,148.213152,1199059200000,3247,Australia,1.0,1198281600000
-7.54216,111.332593,1199318400000,3249,Indonesia,1.5,1198540800000
-6.224835,106.827557,1199577600000,3251,Indonesia,1.0,1199232000000
-28.442729,152.869795,1199836800000,3252,Australia,1.5,1199318400000
6.905842,81.75742,1200441600000,3254,Sri Lanka,1.0,1199664000000
-24.495664,-47.877655,1201305600000,3256,Brazil,1.0,1200096000000
-20.398572,144.558883,1201824000000,3257,Australia,2.0,1200268800000
52.91582,-1.647855,1201305600000,3259,UK,2.0,1200355200000
-1.247285,-79.65779,1209600000000,3263,Ecuador,2.0,1201651200000
-10.111158,-73.012376,1210118400000,3267,Peru,1.0,1202083200000
40.85066,-86.837365,1202774400000,3268,USA,1.5,1202256000000
-22.464671,149.539448,1203984000000,3270,Australia,2.0,1202860800000
-6.260593,107.286313,1205452800000,3271,Indonesia,1.0,1202947200000
-14.955531,23.793937,1209600000000,3272,Zambia,1.0,1202515200000
8.535518,125.935234,1205280000000,3273,Philippines,1.0,1202774400000
-18.692889,46.898414,1204675200000,3274,Madagascar,1.0,1203206400000
32.110967,-7.113617,1204156800000,3279,Morocco,1.0,1203984000000
-7.126871,112.368479,1207180800000,3280,Indonesia,1.0,1204329600000
39.414227,106.735298,1207008000000,3282,China,1.5,1204502400000
36.22662,-89.152166,1209686400000,3285,USA,1.5,1205712000000
2.826905,37.67228,1207094400000,3287,Kenya,1.0,1205971200000
-5.359342,-42.68427,1208822400000,3291,Brazil,1.0,1206835200000
-8.546018,36.457048,1210896000000,3294,Tanzania,1.0,1207872000000
-31.891221,152.547733,1209254400000,3297,Australia,1.0,1208995200000
52.152966,-81.961098,1209600000000,3298,Canada,1.0,1209168000000
46.35384,-67.344537,1210118400000,3300,USA,1.5,1209081600000
30.865786,113.026318,1209945600000,3301,China,1.0,1209686400000
16.821377,95.971541,1211414400000,3302,Burma,1.5,1209772800000
7.095196,124.997828,1211068800000,3305,Philippines,1.0,1210377600000
60.500484,130.539955,1211673600000,3306,Russia,1.0,1210550400000
6.634685,-74.070085,1211932800000,3311,Columbia,1.0,1211846400000
26.399977,93.754969,1211932800000,3312,India,1.0,1211587200000
-30.912895,29.870449,1214092800000,3323,South Africa,1.5,1213833600000
23.542432,112.303824,1214524800000,3325,China,1.5,1214265600000
25.241123,90.120056,1215993600000,3327,India,1.5,1215216000000
35.5,6.15,1215734400000,3331,Mexico,1.5,1215302400000
21.359684,-98.14869,1216166400000,3332,Algeria,1.0,1216080000000
29.795554,-102.791302,1217289600000,3336,Mexico,2.0,1216598400000
27.49945,89.78715,1218153600000,3338,India,2.0,1216512000000
23.346289,120.975437,1217289600000,3339,Philippines,2.0,1217203200000
64.276859,-151.020483,1218412800000,3340,USA,2.0,1217376000000
32.555928,114.4146,1218153600000,3345,China,2.0,1217203200000
9.288888,15.454963,1218153600000,3348,Chad,1.0,1217635200000
16.652289,81.380061,1218412800000,3356,India,1.5,1217894400000
30.738475,72.634688,1219190400000,3359,Pakistan,1.5,1218240000000
17.310893,103.661002,1219190400000,3360,Thailand,2.0,1218412800000
26.950613,84.923215,1222214400000,3365,Nepal,2.0,1219017600000
29.657004,-82.858657,1219881600000,3366,USA,2.0,1219190400000
7.584802,33.314626,1219881600000,3367,Ethiopia,1.5,1219190400000
9.233101,18.350292,1219622400000,3368,Chad,1.5,1216512000000
31.341302,-92.492978,1220313600000,3370,USA,1.5,1220227200000
25.028785,90.210026,1220832000000,3371,Bangladesh,1.5,1220054400000
27.044183,94.55033,1220832000000,3372,India,1.5,1220054400000
20.95224,84.406372,1222646400000,3382,India,2.0,1222041600000
30.521816,78.938377,1222646400000,3383,Nepal,2.0,1222041600000
17.821344,103.176582,1223078400000,3384,Thailand,1.5,1221091200000
4.0,41.9,1224115200000,3394,Kenya,1.0,1223942400000
0.82945,43.05953,1227139200000,3404,Ethiopia,1.0,1226793600000
-33.011852,20.903477,1226880000000,3405,South Africa,1.0,1226448000000
8.57029,80.799315,1228348800000,3413,Sri Lanka,2.0,1227312000000
8.998918,-74.231814,1229212800000,3421,UK,1.0,1229126400000
7.080294,-58.576642,1231718400000,3422,Columbia,1.5,1229126400000
-3.329274,103.139065,1230422400000,3425,Indonesia,1.0,1230249600000
-22.923757,34.027698,1231718400000,3426,Mozambique,1.0,1230249600000
8.447826,125.039978,1232323200000,3427,Philippines,1.0,1230422400000
-16.596371,-44.891115,1232064000000,3436,Brazil,1.0,1231372800000
7.121116,124.958334,1233014400000,3437,Philippines,1.0,1232409600000
-17.688355,46.519178,1233014400000,3441,Madagascar,1.0,1232928000000
9.897,122.968272,1234396800000,3444,Philippines,1.0,1233532800000
32.655173,-6.1614,1234137600000,3445,Morocco,2.0,1233964800000
19.28092,-70.083294,1234396800000,3446,Dominican Republic,1.5,1233446400000
-24.148411,-64.291696,1234396800000,3448,Argentina,1.5,1233964800000
4.36564,-76.514393,1234742400000,3452,Colombia,1.5,1234396800000
-9.840357,14.147469,1234828800000,3454,Angola,1.0,1234656000000
-18.759929,-62.617998,1234742400000,3457,Bolivia,1.0,1233446400000
-17.076028,16.678415,1236556800000,3462,Angola,1.0,1236124800000
48.249115,-97.030805,1237420800000,3464,USA,1.0,1237248000000
-1.20654,100.730585,1240185600000,3465,Indonesia,2.0,1237852800000
-18.75993,24.230467,1238112000000,3467,Zambia,1.0,1238112000000
29.670077,-95.515298,1240790400000,3474,USA,1.0,1239926400000
65.435109,-142.302224,1242259200000,3476,USA,2.0,1240358400000
22.163962,89.086148,1242345600000,3485,Bangladesh,1.5,1240185600000
13.417883,-88.641921,1245628800000,3490,Guatamala,1.0,1245369600000
-16.698427,23.311965,1246147200000,3493,Botswana,1.5,1245542400000
20.674,104.302,1246406400000,3494,Vietnam,1.0,1241913600000
25.256217,89.086147,1246838400000,3495,Bangladesh,1.0,1246579200000
27.481004,93.821488,1246838400000,3496,India,1.0,1246579200000
7.651799,125.366552,1249344000000,3518,Philippines,1.5,1248480000000
26.817651,94.142952,1251331200000,3530,India,1.0,1250553600000
14.576204,-16.8108,1251244800000,3531,Senegal,1.0,1251072000000
16.454005,2.936762,1251849600000,3534,Mauritania,1.0,1249862400000
41.089986,28.950479,1252540800000,3536,Turkey,2.0,1252281600000
18.525716,-95.31119,1253318400000,3543,Mexico,2.0,1252540800000
34.364587,-84.840386,1254096000000,3544,USA,1.5,1253491200000
15.708107,78.232999,1255305600000,3551,India,2.0,1253836800000
17.57569,121.422102,1255737600000,3552,Philippines,2.0,1254441600000
29.81192,80.763928,1255305600000,3553,Nepal,2.0,1254614400000
5.543563,6.509699,1256515200000,3555,Nigeria,1.0,1255996800000
-25.09294,-56.273697,1256688000000,3559,Paraguay,1.0,1256515200000
35.159532,-83.746543,1258070400000,3567,USA,1.0,1257811200000
-32.991891,-59.049562,1258848000000,3572,Argentina,1.0,1258156800000
-31.256979,-56.47781,1260230400000,3577,Uruguay,1.5,1258761600000
-30.950818,149.05823,1263340800000,3590,Australia,1.5,1262304000000
41.466448,20.082834,1263340800000,3591,Albania,1.5,1262563200000
19.943334,-99.003563,1266019200000,3602,Mexico,1.0,1264464000000
41.160287,27.338848,1266624000000,3607,Bulgaria,1.0,1266019200000
-26.215529,147.95605,1268784000000,3615,Australia,2.0,1267315200000
-16.091808,27.736857,1268784000000,3616,Zambia,1.0,1267401600000
32.893941,-86.379527,1268784000000,3622,USA,1.0,1268179200000
41.364394,-78.119123,1269388800000,3625,USA,1.0,1268179200000
39.486607,-74.872978,1269993600000,3629,USA,2.0,1269648000000
56.65203,24.797712,1269993600000,3630,Latvia,1.0,1269648000000
22.152795,89.509928,1270598400000,3633,Bangladesh,1.0,1269648000000
43.466699,21.715692,1271894400000,3635,Serbia,1.0,1271721600000
26.316584,91.862265,1271808000000,3636,India,2.0,1271548800000
20.262252,-75.383247,1271808000000,3637,Cuba,1.0,1271462400000
-18.694176,23.231189,1271808000000,3639,Namibia,1.0,1271376000000
-2.681959,113.972187,1272758400000,3640,Indonesia,1.0,1271376000000
14.034428,44.310369,1273104000000,3642,Yemen,1.0,1273017600000
34.383924,62.2514,1273795200000,3643,Afghanistan,1.0,1272931200000
49.773614,19.644003,1274659200000,3648,Czech Republic,2.0,1273881600000
26.638053,93.122627,1277510400000,3650,India,1.5,1273881600000
26.444151,115.482581,1277683200000,3651,China,1.5,1273881600000
15.21825,79.484382,1274659200000,3652,India,1.0,1274140800000
14.075249,-89.563601,1274659200000,3653,Guatamala,2.0,1274140800000
-45.156686,169.917994,1275264000000,3654,New Zealand,2.0,1274745600000
49.875668,-97.789125,1275264000000,3655,Canada,1.0,1275091200000
6.778414,125.300141,1275350400000,3656,Philippines,1.0,1275091200000
49.671561,19.797084,1276214400000,3657,Hungary,1.0,1275091200000
25.117454,67.905172,1275868800000,3658,Pakistan,1.0,1275782400000
34.577827,-94.094783,1276214400000,3659,USA,2.0,1276214400000
43.497315,6.591342,1276732800000,3661,France,2.0,1276646400000
22.280362,94.010494,1277510400000,3662,Myanmar,1.0,1276560000000
7.93162,-0.981038,1277510400000,3663,Ghana,1.0,1277164800000
43.987173,17.704984,1277510400000,3665,Bosnia and Herzegovina,1.0,1277164800000
36.026988,72.079166,1277337600000,3666,Pakistan,1.0,1277164800000
-6.35589,-37.781582,1277856000000,3667,Brazil,2.0,1277164800000
24.949065,121.605799,1277596800000,3668,Taiwan,1.0,1277424000000
19.254472,-70.392824,1277596800000,3670,Dominican Republic,1.0,1277424000000
24.31123,-100.417006,1278460800000,3671,Mexico,2.0,1277856000000
51.865714,-103.835803,1278374400000,3673,Canada,1.5,1278028800000
30.18952,74.778484,1279152000000,3674,India,1.0,1278288000000
39.486607,97.128233,1278979200000,3676,China,1.0,1278374400000
28.005572,113.171066,1279152000000,3678,China,1.0,1277942400000
23.994863,90.035505,1278979200000,3679,Bangladesh,1.0,1277942400000
29.138367,115.885692,1279843200000,3681,China,1.5,1278460800000
22.673269,114.010074,1279843200000,3688,China,1.5,1279670400000
41.058233,-91.002557,1280016000000,3689,USA,1.0,1280016000000
31.577449,111.073863,1280793600000,3692,China,2.0,1279843200000
33.363388,73.257885,1289779200000,3696,Pakistan,2.0,1280188800000
51.467705,13.995334,1281225600000,3698,Germany,1.5,1280188800000
17.909999,-92.249999,1286323200000,3707,Mexico,2.0,1281830400000
26.234999,92.250001,1284681600000,3713,Inda,1.5,1283644800000
11.384999,14.625001,1284681600000,3714,Chad,1.5,1281830400000
25.424999,89.640001,1285804800000,3716,Bangladesh,1.5,1283990400000
26.729999,82.845001,1285804800000,3717,India,1.5,1284768000000
14.399999,-87.569999,1285804800000,3721,Mexico,2.0,1284768000000
44.009999,-90.179999,1285804800000,3722,USA,2.0,1285113600000
14.444999,100.350001,1285804800000,3723,Thailand,1.5,1284940800000
-1.223516,132.810984,1286323200000,3726,Indonesia,1.5,1285977600000
24.209999,91.035001,1286841600000,3732,Bangladesh,1.5,1285891200000
-30.555001,144.270001,1287446400000,3734,Australia,1.0,1287100800000
15.029999,102.195001,1289779200000,3737,Thailand,2.0,1286668800000
11.204999,15.210001,1288915200000,3741,Chad,1.5,1285891200000
8.279999,-0.809999,1289433600000,3747,Ghana,1.5,1288915200000
4.113507,-72.960369,1292803200000,3750,Columbia,1.5,1289779200000
-29.83844,147.387935,1292803200000,3752,Australia,2.0,1290816000000
9.776458,-66.938458,1292803200000,3754,Venezuela,1.5,1290643200000
40.106682,21.469658,1292544000000,3756,Greece,1.0,1291334400000
8.132642,125.5658,1295308800000,3765,Philippines,2.0,1293840000000
-36.61705,175.63358,1296432000000,3772,New Zealand,1.5,1296172800000
-21.090969,-64.041828,1296432000000,3775,Bolivia,1.0,1296345600000
8.513158,80.534153,1297641600000,3776,Sri Lanka,1.5,1296518400000
7.095271,124.865345,1296777600000,3777,Philippines,1.5,1296518400000
-29.502452,28.078344,1297814400000,3778,Lesotho,1.0,1296518400000
-16.465923,-65.599682,1298678400000,3782,Bolivia,1.5,1297641600000
-19.789652,146.657688,1301270400000,3786,Australia,1.0,1299456000000
37.802184,140.823207,1299801600000,3787,Japan,2.0,1299801600000
-41.421667,147.327051,1301270400000,3793,Tasmania,2.0,1300752000000
8.666488,99.277049,1302393600000,3795,Thailand,2.0,1300838400000
48.678802,-97.21921,1306195200000,3799,USA,2.0,1270080000000
51.447982,53.673384,1303171200000,3801,Kazakhstan,1.5,1301616000000
-9.679788,-40.119065,1305072000000,3810,Brazil,1.5,1304812800000
45.626388,-73.014084,1307577600000,3812,Canada,2.0,1304467200000
43.537631,-99.473227,1311897600000,3815,USA,1.5,1307145600000
8.306337,125.208244,1308614400000,3820,Philippines,1.5,1307232000000
22.564135,89.046349,1311897600000,3843,Bangladesh,1.5,1311206400000
-30.342984,-52.640299,1311897600000,3846,Brazil,1.5,1311379200000
17.0382,102.822185,1326067200000,3850,Thailand,2.0,1312502400000
12.004283,105.501152,1321315200000,3853,Cambodia,2.0,1312934400000
26.375467,86.242215,1317513600000,3854,India,2.0,1313366400000
26.589671,92.181547,1315440000000,3856,India,1.5,1313366400000
25.012345,69.066891,1320105600000,3857,Pakistan,1.5,1313107200000
40.186216,-74.062065,1315872000000,3861,USA,2.0,1314403200000
1.660439,33.667825,1315440000000,3863,Uganda,1.5,1313798400000
22.30208,73.953105,1315872000000,3864,India,1.5,1314230400000
20.651119,86.002162,1317513600000,3866,India,1.5,1315180800000
17.342998,121.54776,1317513600000,3867,Philippines,2.0,1317168000000
22.247992,109.004871,1318204800000,3868,China,1.5,1317427200000
39.104531,27.971908,1318204800000,3870,Turkey,1.0,1318032000000
18.280192,-100.833256,1320105600000,3871,Mexico,2.0,1318204800000
5.584658,-0.945865,1319846400000,3872,Ghana,1.0,1319587200000
2.180851,40.167169,1321315200000,3874,Kenya,1.5,1320796800000
2.570315,34.383649,1324339200000,3875,Uganda,1.5,1320796800000
4.640889,-73.939857,1324512000000,3876,Columbia,2.0,1320796800000
1.698541,100.378,1322611200000,3878,Indonesia,1.0,1322352000000
-29.458424,149.372327,1324512000000,3879,Australia,1.0,1322352000000
-29.208414,30.06063,1322784000000,3880,South Africa,1.5,1322352000000
0.385821,36.116761,1324512000000,3881,Kenya,1.5,1322524800000
8.526491,124.875163,1324512000000,3884,Philippines,2.0,1323993600000
-6.917042,39.037723,1324512000000,3886,Tanzania,2.0,1324339200000
-7.379525,110.236252,1325635200000,3888,Indonesia,1.0,1324166400000
8.772281,99.423816,1326067200000,3889,Thailand,1.0,1325376000000
-19.463714,-43.489292,1326067200000,3890,Brazil,1.0,1325376000000
-21.451324,34.072072,1329177600000,3892,Mozambique,1.5,1326758400000
-17.784045,178.075692,1328486400000,3893,Fiji,1.5,1327190400000
-21.717611,146.646094,1331078400000,3894,Australia,2.0,1327190400000
-7.482774,112.50974,1327795200000,3895,Indonesia,1.5,1327622400000
42.55503,24.257634,1328486400000,3896,Bulgaria,1.5,1328054400000
39.867742,21.005618,1328486400000,3897,Greece,1.0,1328227200000
-6.318737,106.658074,1329177600000,3899,Indonesia,1.0,1329004800000
8.223924,125.264627,1330300800000,3900,Philippines,1.0,1329696000000
9.859668,12.807442,1330300800000,3901,Nigeria,1.0,1329696000000
-2.585677,103.415798,1330300800000,3902,Indonesia,1.0,1329696000000
35.116281,8.698624,1330300800000,3904,Tunisia,1.5,1330128000000
31.458294,34.461539,1331078400000,3906,Gaza,1.0,1330819200000
-0.5987,-79.495063,1332720000000,3910,Ecuador,1.5,1330560000000
13.628836,123.278367,1333065600000,3914,Philippines,1.0,1332720000000
19.443322,-72.582111,1335398400000,3915,Haiti,1.5,1333843200000
55.623585,40.264523,1335398400000,3916,Russia,1.0,1333843200000
-2.441234,36.214118,1335398400000,3917,Kenya,1.0,1333929600000
-23.646697,-59.272208,1335398400000,3919,Paraguay,1.5,1333584000000
-3.649082,-62.022799,1336348800000,3925,Brazil,2.0,1335830400000
68.00087,157.950235,1338249600000,3931,Russia,1.5,1337472000000
29.578033,-95.808654,1342396800000,3948,USA,1.5,1342137600000
19.439848,82.321565,1344211200000,3960,India,1.0,1343952000000
55.574626,-2.593343,1344211200000,3962,Scotland,1.0,1344038400000
40.519484,122.594372,1344211200000,3963,China,2.0,1343952000000
31.160222,103.729817,1345420800000,3965,China,1.0,1344902400000
20.985523,82.796221,1345420800000,3966,India,1.0,1345075200000
34.616699,135.556159,1345420800000,3969,Japan,1.5,1344729600000
14.462036,-15.494274,1346198400000,3971,Senegal,1.5,1345766400000
35.030504,73.522165,1346198400000,3974,Pakistan,1.5,1345680000000
37.391616,106.115278,1346198400000,3975,China,1.5,1345852800000
9.301664,12.10885,1348617600000,3976,Nigeria,1.5,1345852800000
30.503005,-89.346018,1346976000000,3977,USA,1.5,1346112000000
38.194882,126.245599,1346976000000,3979,North Korea,1.5,1345161600000
2.656467,32.726004,1346976000000,3980,Uganda,1.0,1345420800000
1.366374,35.829521,1346976000000,3981,Kenya,1.0,1344988800000
13.409272,-16.151491,1346976000000,3982,The Gambia,1.0,1346544000000
31.306274,76.85692,1347926400000,3983,India,2.0,1347753600000
28.044522,68.775576,1351468800000,3984,Pakistan,1.5,1347235200000
17.090901,99.640458,1348617600000,3985,Thailand,1.0,1347408000000
9.569418,29.585968,1349222400000,3991,South Sudan,1.0,1346976000000
4.944556,44.896686,1349222400000,3992,Somalia,1.5,1348272000000
14.315988,2.956491,1350259200000,3994,Niger,1.0,1347667200000
11.078585,20.506625,1350259200000,3995,Chad,1.0,1347667200000
11.828347,78.804243,1352332800000,4001,India,2.0,1351987200000
7.987227,124.468671,1354579200000,4005,Philippines,2.0,1354579200000
39.509315,28.709678,1354579200000,4006,Turkey,1.0,1354406400000
-27.5025,-59.625194,1354579200000,4007,Argentina,1.5,1353369600000
53.4569,-1.19371,1355788800000,4009,United Kingdom,1.0,1353369600000
-3.867021,121.883077,1357776000000,4013,Indonesia,1.0,1357171200000
7.256988,125.30844,1357776000000,4016,Philippines,1.0,1357257600000
-9.282979,-76.457258,1357776000000,4017,Peru,1.5,1357257600000
32.839777,36.450233,1357776000000,4019,Palestine,1.5,1357603200000
-6.179453,106.729879,1358812800000,4020,Indonesia,2.0,1358035200000
0.058024,36.51717,1358380800000,4022,Kenya,1.0,1358035200000
-24.800608,32.67733,1362355200000,4023,Mozambique,1.5,1358380800000
-19.372479,144.818063,1359676800000,4024,Australia,1.5,1358812800000
-20.376563,25.064564,1359676800000,4026,Botswana,1.5,1358208000000
-5.887359,144.477319,1360627200000,4028,Papua New Guinea,1.0,1354320000000
-2.41871,104.265313,1362355200000,4032,Indonesia,1.5,1361318400000
-17.814634,22.624352,1363478400000,4037,Namibia,1.0,1362096000000
48.564308,-97.597746,1367193600000,4051,USA,1.0,1367020800000
2.169639,43.655301,1368662400000,4055,Somalia,2.0,1367366400000
-24.146038,-57.65355,1373846400000,4075,Paraguay,1.5,1372896000000
32.814392,70.637704,1375833600000,4078,Pakistan,1.5,1375315200000
50.004265,128.424146,1375833600000,4079,Russia,2.0,1375315200000
28.740393,69.106502,1377043200000,4082,Pakistan,1.5,1375833600000
50.532277,130.272429,1381708800000,4083,China,2.0,1375833600000
12.658027,105.083548,1381708800000,4090,Cambodia,1.5,1380240000000
13.081862,101.693689,1381708800000,4092,Thailand,1.5,1380499200000
7.737242,28.824089,1381708800000,4094,South Sudan,1.0,1381190400000
24.717423,85.932081,1384041600000,4098,India,1.5,1381536000000
30.660662,-98.011079,1384041600000,4101,USA,2.0,1383177600000
21.681893,57.427572,1384819200000,4105,Somalia,1.5,1383868800000
53.2732,-1.51144,1391731200000,4111,United Kingdom,1.5,1388102400000
37.559702,-86.789903,1388793600000,4115,USA,1.0,1387670400000
-13.388781,-64.013513,1398902400000,4117,Bolivia,2.0,1389312000000
-26.241474,150.116713,1396137600000,4130,Australia,1.5,1395619200000
-7.193015,38.968923,1398902400000,4137,Tanzania,1.5,1397779200000
-7.664354,38.944179,1400198400000,4140,Tanzania,1.0,1399680000000
23.265167,113.34169,1402358400000,4146,China,1.0,1401408000000
-24.354116,-53.547014,1405296000000,4150,Paraguay,2.0,1401753600000
6.771897,124.729885,1403654400000,4153,Philippines,1.0,1402963200000
27.811455,94.716023,1403654400000,4154,India,1.0,1403481600000
19.82582,99.738953,1405296000000,4156,Thailand,1.0,1405036800000
-35.698936,174.068419,1405296000000,4157,New Zealand,1.0,1404518400000
-2.929344,-59.559684,1406592000000,4159,Brazil,2.0,1400716800000
-32.346689,-58.025587,1406592000000,4163,Brazil,2.0,1404345600000
27.385201,79.758579,1410134400000,4171,India,1.5,1407715200000
26.179465,86.253746,1410134400000,4174,India,1.5,1407974400000
16.327289,6.40648,1408406400000,4175,Niger,1.0,1407888000000
27.613202,94.654164,1410134400000,4176,India,1.0,1408060800000
24.566128,90.633346,1410134400000,4178,Bangladesh,1.5,1408492800000
33.944858,75.341864,1412985600000,4179,Pakistan,2.0,1409529600000
16.403907,100.456514,1410134400000,4184,Thailand,1.0,1409529600000
6.941732,32.906766,1412985600000,4186,South Sudan,1.0,1411257600000
26.746527,92.489108,1412985600000,4188,India,1.5,1411516800000
14.657501,121.612204,1412985600000,4189,Philippines,1.5,1411084800000
21.784523,-98.431718,1414368000000,4197,Mexico,1.5,1413590400000
18.447297,79.69672,1414368000000,4198,India,1.5,1413072000000
28.278193,-16.532883,1413936000000,4199,Spain,1.0,1413676800000
4.134278,45.253771,1416096000000,4201,Somalia,1.5,1414108800000
8.024092,99.516261,1416096000000,4206,Thailand,1.0,1415318400000
41.457879,27.710632,1418515200000,4211,Bulgaria,1.5,1417651200000
39.796732,-123.100985,1418515200000,4213,USA,1.0,1418256000000
7.909725,80.983382,1420070400000,4215,Sri Lanka,1.5,1419033600000
4.725076,102.163815,1420070400000,4216,Malaysia,2.0,1419033600000
8.656083,124.903089,1420070400000,4217,Philippines,1.5,1418169600000
-19.187214,127.055774,1420934400000,4218,Australia,1.5,1420416000000
-18.794576,35.356372,1423440000000,4219,Malawi,2.0,1420070400000
-16.463788,-63.766078,1423440000000,4220,Bolivia,1.5,1420416000000
41.457083,26.597174,1423440000000,4221,Greece,1.5,1422748800000
0.686073,122.861751,1423440000000,4222,Indonesia,1.0,1423094400000
-19.667487,45.921846,1423440000000,4224,Madagascar,1.5,1420416000000
-11.504221,-65.844532,1424736000000,4225,Bolivia,1.5,1424390400000
-18.200011,135.715998,1424736000000,4226,Australia,1.5,1424563200000
19.328489,-69.803492,1424736000000,4227,Dominican Republic,1.0,1424390400000
37.026804,-86.233174,1427068800000,4230,USA,1.5,1425945600000
-6.55868,108.399177,1427068800000,4231,Indonesia,1.0,1426377600000
-8.816642,13.681068,1427068800000,4233,Angola,1.5,1425859200000
33.17674,76.405834,1427760000000,4239,India,1.5,1426809600000
-18.155697,47.010559,1429056000000,4241,Madagascar,1.5,1425513600000
48.404946,65.592926,1429056000000,4242,Kazahkstan,1.0,1427068800000
10.712137,79.177106,1432166400000,4251,India,1.0,1431820800000
58.190103,81.527738,1433203200000,4258,Russia,1.0,1431648000000
26.919545,93.874744,1435536000000,4259,India,1.5,1433203200000
21.873364,70.764317,1435536000000,4265,India,1.5,1435104000000
34.343166,72.27367,1439942400000,4272,Pakistan,1.5,1436918400000
38.388691,-83.16498,1437436800000,4274,USA,1.5,1437177600000
6.665761,-58.743148,1437436800000,4275,Guyana,1.5,1437004800000
-25.568947,-50.750999,1437436800000,4276,Brazil,1.0,1436486400000
20.813733,106.86508,1438732800000,4280,Vietnam,2.0,1437782400000
26.20738,82.616452,1439942400000,4282,India,2.0,1436918400000
20.174691,95.532558,1439942400000,4283,Myanmar,2.0,1436918400000
26.894603,93.751026,1441929600000,4288,India,1.0,1439424000000
20.566882,104.761883,1441929600000,4293,Vietnam,1.0,1441584000000
9.952668,11.528384,1441929600000,4294,Nigeria,1.5,1440892800000
16.691018,121.241052,1445990400000,4300,Philippines,2.0,1445472000000
-29.956828,-53.571757,1445990400000,4301,"Uruguay,",2.0,1444780800000
31.042172,30.481903,1445990400000,4305,Egypt,1.5,1445644800000
22.491628,-73.832354,1444262400000,4306,Bahamas,1.5,1443744000000
11.827777,78.855441,1449187200000,4309,India,2.0,1447113600000
35.665762,-91.082899,1454025600000,4314,USA,2.0,1450137600000
-26.036936,-55.848159,1454025600000,4315,Paraguay,2.0,1448928000000
-2.036427,39.51328,1452038400000,4317,Kenya,1.5,1448928000000
12.835664,121.22868,1452038400000,4318,Philippines,1.5,1449878400000
54.9868,-2.77486,1453766400000,4319,United Kingdom,2.0,1449273600000
-22.522713,-43.228975,1454025600000,4322,Brazil,1.0,1452816000000
-4.761681,35.504833,1454025600000,4324,Tanzania,1.0,1452729600000
-17.955485,-56.442003,1454025600000,4325,Brazil,1.0,1451952000000
-0.786333,-79.700891,1454025600000,4326,Ecuador,1.5,1453161600000
-41.858015,145.712371,1454025600000,4327,Australia,1.5,1453852800000
55.183358,-3.837328,1454025600000,4328,United Kingdom,1.5,1453852800000
-2.465434,103.351503,1457568000000,4330,Indonesia,1.0,1453075200000
44.67104,21.054631,1457568000000,4334,Serbia,1.5,1457222400000
-12.842969,-64.929023,1457568000000,4335,Bolivia,1.0,1456617600000
30.908557,-96.10583,1458864000000,4337,USA,2.0,1457395200000
33.054515,71.7788,1460505600000,4339,Pakistan,1.5,1457740800000
-28.563259,-63.122747,1458864000000,4340,Argentina,1.0,1457136000000
-31.143073,-58.223535,1460505600000,4346,Uruguay,2.0,1459468800000
-32.434709,-56.194568,1462924800000,4350,Uruguay,2.0,1460419200000
27.463976,95.606788,1462060800000,4355,India,1.5,1461110400000
-6.894272,35.999703,1464566400000,4357,Tanzania,1.5,1461283200000
51.31452,47.035303,1464566400000,4358,Russia,1.0,1460678400000
30.857441,-95.536729,1466726400000,4359,USA,1.5,1464220800000
-7.476875,110.032248,1466726400000,4364,Indonesia,1.5,1466121600000
18.315771,95.260379,1471305600000,4365,Myanmar,2.0,1464739200000
12.519849,34.242915,1467763200000,4369,Sudan,1.0,1467244800000
5.172299,101.075102,1468886400000,4376,Malaysia,1.0,1468800000000
22.810744,80.83492,1470182400000,4378,India,1.5,1467849600000
-27.594955,32.288179,1470182400000,4381,South Africa,1.0,1469404800000
24.095044,90.039502,1472169600000,4382,Bangladesh,1.5,1469404800000
39.333933,-77.214169,1469923200000,4386,USA,2.0,1469836800000
29.9879,-91.800461,1472169600000,4388,USA,2.0,1471132800000
26.347448,96.868707,1472169600000,4390,Thailand,1.0,1471219200000
15.485015,5.095075,1474502400000,4391,Mali,1.5,1473811200000
14.866708,100.394655,1476576000000,4403,Thailand,1.5,1475712000000
-34.663688,-55.669729,1478736000000,4412,Argentina,1.5,1476057600000
14.444781,100.753436,1481068800000,4423,Thailand,1.5,1480550400000
-33.770758,-59.807119,1483574400000,4427,Argentina,1.5,1482710400000
-21.521533,133.489083,1483574400000,4428,Australia,1.5,1482624000000
7.304939,100.060618,1486425600000,4432,Thailand,1.5,1483142400000
39.623615,-122.457654,1483574400000,4434,USA,1.5,1483488000000
-29.409362,-55.551237,1484956800000,4435,Brazil,1.0,1483574400000
-20.777836,34.515093,1486425600000,4439,Mozambique,1.5,1483228800000
38.803959,-120.824584,1488499200000,4444,USA,1.5,1487203200000
-31.695612,150.760044,1490140800000,4451,Australia,1.0,1489363200000
-20.569767,17.046184,1490140800000,4455,Namibia,1.0,1489017600000
-21.974973,148.68159,1491609600000,4458,Australia,2.0,1490659200000
24.317835,90.682833,1492473600000,4459,Bangladesh,1.0,1490832000000
-38.204246,176.790204,1492732800000,4461,New Zealand,2.0,1491350400000
-45.953281,-67.938778,1492732800000,4462,Argentina,1.5,1491350400000
-27.423069,-62.627877,1492732800000,4464,Argentina,1.5,1491350400000
51.254165,70.046756,1492732800000,4465,Kazakhstan,1.5,1492128000000
-2.878787,37.880209,1494806400000,4472,Kenya,1.0,1494201600000
27.613121,94.938714,1499040000000,4483,India,1.0,1496361600000
7.76344,125.249498,1497398400000,4485,Philippines,1.0,1497225600000
7.835109,-67.52709,1503273600000,4495,Venezuela,1.5,1501804800000
22.906125,88.084765,1502323200000,4499,India,1.0,1501113600000
21.65766,105.157778,1502323200000,4500,Vietnam,1.0,1501632000000
52.994591,9.920057,1501286400000,4503,Germany,1.5,1500940800000
28.16566,79.076049,1503705600000,4507,India,2.0,1502323200000
24.591169,90.014758,1503705600000,4508,Bangladesh,1.5,1502323200000
22.385119,114.138854,1503705600000,4515,China,2.0,1503446400000
28.594245,-81.625156,1505779200000,4516,USA,2.0,1504828800000
-25.311985,-57.598762,1516579200000,4562,Paraguay,1.0,1515801600000
-24.484188,-63.246465,1519171200000,4569,Argentina,1.5,1517443200000
-14.405328,-64.013513,1519171200000,4577,Bolivia,1.5,1518220800000
-17.015232,145.217501,1522022400000,4579,Australia,1.5,1520208000000
40.865552,19.941173,1520985600000,4580,Albania,1.0,1520380800000
44.734938,16.94721,1520985600000,4581,Croatia,1.0,1520640000000
39.686804,22.53924,1519948800000,4583,Greece,1.0,1519603200000
-8.497488,118.568754,1520294400000,4584,Indonesia,1.5,1520208000000
-11.247113,16.006957,1520985600000,4586,Angola,1.5,1519862400000
37.911751,-121.121506,1521849600000,4589,USA,1.5,1521590400000
-16.669172,47.827095,1521763200000,4590,Madagascar,1.5,1521158400000
38.292104,-88.11368,1523145600000,4594,USA,1.5,1522713600000
41.531705,26.671405,1523145600000,4597,Greece,1.5,1521936000000
-4.014862,29.640624,1525132800000,4602,Burundi,1.0,1524873600000
-1.783994,30.011777,1524614400000,4603,Rwanda,1.5,1524441600000
21.9855,93.8747,1529452800000,4632,Myanmar,1.5,1529020800000
33.3752,75.1439,1531267200000,4640,India,1.0,1529884800000
33.3024,72.5706,1531267200000,4645,Pakistan,1.0,1530576000000
11.9888,104.477,1532304000000,4652,Cambodia,1.5,1531785600000
21.1736,105.925,1532304000000,4653,Vietnam,1.5,1531785600000
47.6723,91.4251,1531958400000,4654,Mongolia,1.0,1531267200000
2.75369,-68.2941,1536019200000,4662,Colombia,1.5,1532563200000
27.2914,94.1222,1533859200000,4665,India,1.5,1533168000000
18.1914,95.4336,1533859200000,4666,Myanmar,1.5,1531612800000
10.4748,8.2375,1538438400000,4667,Nigeria,2.0,1534723200000
25.7354,82.4309,1536278400000,4673,India,1.5,1535760000000
35.0642,-78.9091,1538438400000,4676,USA,2.0,1536969600000
9.53755,-1.06606,1538438400000,4683,Ghana,1.5,1535760000000
23.7218,-105.236,1540598400000,4695,Mexico,1.5,1540252800000
-25.3427,-57.0853,1541548800000,4703,Paraguay,1.0,1540771200000
11.491,107.137,1543449600000,4704,Vietnam,1.0,1543017600000
35.7787,-120.058,1544400000000,4711,USA,1.5,1543968000000
